t-shirt name , price , image
Swagat Toh Karo Hamara Half Sleeve T-Shirt,359,https://images.bewakoof.com/t320/swagat-toh-karo-hamara-half-sleeve-t-shirt-men-s-printed-t-shirts-248261-1572590261.jpg
Gym Karo Half Sleeve T-Shirt,247,https://images.bewakoof.com/t320/gym-karo-half-sleeve-t-shirt-men-s-printed-t-shirts-220629-1560928535.jpg
Swagat Toh Karo Hamara Half Sleeve T-Shirt,359,https://images.bewakoof.com/t320/swagat-toh-karo-hamara-half-sleeve-t-shirt-men-s-printed-t-shirts-248262-1572590283.jpg
Baap Hoon Tera Full Sleeve T-Shirt,399,https://images.bewakoof.com/t320/baap-hoon-tera-full-sleeve-t-shirt-men-s-printed-full-sleeve-t-shirt-246579-1571728433.jpg
Pehli Fursat Mein Nikal Full Sleeve T-Shirt,284,https://images.bewakoof.com/t320/pehli-fursat-mein-nikal-full-sleeve-t-shirt-men-s-printed-full-sleeve-t-shirt-244334-1571377753.jpg
Swagat Toh Karo Hamara Full Sleeve T-Shirt,399,https://images.bewakoof.com/t320/swagat-toh-karo-hamara-full-sleeve-t-shirt-men-s-printed-full-sleeve-t-shirt-248264-1572590377.jpg
Dost Mujhe Sudharne Nahi Dete Half Sleeve T-Shirt,359,https://images.bewakoof.com/t320/dost-mujhe-sudharne-nahi-dete-half-sleeve-t-shirt-men-s-printed-t-shirts-249305-1572852923.jpg
Gym Karo Full Sleeve T-Shirt,292,https://images.bewakoof.com/t320/gym-karo-full-sleeve-t-shirt-men-s-printed-full-sleeve-t-shirt-220632-1560928607.jpg
Dost Mujhe Sudharne Nahi Dete Full Sleeve T-Shirt,399,https://images.bewakoof.com/t320/dost-mujhe-sudharne-nahi-dete-full-sleeve-t-shirt-men-s-printed-full-sleeve-t-shirt-249307-1572852990.jpg
Safarnama Full Sleeve T-Shirt,292,https://images.bewakoof.com/t320/safarnama-full-sleeve-t-shirt-men-s-printed-full-sleeve-t-shirt-246498-1571493528.jpg
Dimaag Garam Half Sleeve T-Shirt,251,https://images.bewakoof.com/t320/dimaag-garam-half-sleeve-t-shirt-men-s-printed-t-shirts-218455-1560156494.jpg
Dost Mujhe Sudharne Nahi Dete Half Sleeve T-Shirt,359,
Royal Full Sleeve T-Shirt,290,
Sirf Dost Half Sleeve T-Shirt,269,
Time Aayega Full Sleeve T-Shirt,292,
Dost Mujhe Sudharne Nahi Dete Full Sleeve T-Shirt,399,
Wait And Watch Full Sleeve T-Shirt,284,
Firse Pyaar Full Sleeve T-Shirt,399,
Apna Time Ayega Full Sleeve T-Shirt,292,
Baap Hoon Tera Half Sleeve T-Shirt,359,
Zindagi Badi Honi Chahiye Half Sleeve T-Shirt,359,
Baap Se Panga Mat Le Full Sleeve T-Shirt,399,
Zindagi Badi Honi Chahiye Half Sleeve T-Shirt,359,
Pehli Fursat Mein Nikal Half Sleeve T-Shirt,284,
Zindagi Badi Honi Chahiye Full Sleeve T-Shirt,399,
Magarmach Full Sleeve T-Shirt,399,
Zindagi Badi Honi Chahiye Full Sleeve T-Shirt,399,
Pass Kar Full Sleeve T-Shirt,284,
Chill Elements Full Sleeve T-Shirt,399,
Rok Sako Toh Rok Lo Bike Full Sleeve T-Shirt,399,
Ek Engineer Hoon Half Sleeve T-Shirt,426,
Pass Kar Half Sleeve T-Shirt,246,
Haq Se Back Bencher Half Sleeve T-Shirt,359,
Pehli Fursat Mein Nikal Half Sleeve T-Shirt,284,
Pass Kar Full Sleeve T-Shirt,284,
Chill Elements Full Sleeve T-Shirt,399,
Pass Kar Half Sleeve T-Shirt,246,
Aur Kitna Pressure Half Sleeve T-Shirt,359,
Musafir Doodle Half Sleeve T-Shirt,359,
Magarmach Half Sleeve T-Shirt,359,
Ek Engineer Hoon Full Sleeve T-Shirt,399,
Pehli Fursat Mein Nikal Half Sleeve T-Shirt,202,
Bholenaath Full Sleeve T-Shirt,308,
Rok Sako Toh Rok Lo Bike Half Sleeve T-Shirt,359,
Aur Kitna Pressure Full Sleeve T-Shirt,399,
Pehli Fursat Mein Nikal Full Sleeve T-Shirt,292,
Musafir Doodle Half Sleeve T-Shirt,359,
Apna Vibe Alag Hai Full Sleeve T-Shirt,399,
Musafir Doodle Full Sleeve T-Shirt,399,
